<?xml version="1.0" encoding="utf-8" ?>
<dwsync>
<file name="sql_func.php" server="172.31.100.19:2231//var/www/html/academics/acadserver/academic_new/" local="131261450200000000" remote="131261450200000000" Dst="0" />
<file name="sql_functions.php" server="172.31.100.19:2231//var/www/html/academics/acadserver/academic_new/" local="131264933050000000" remote="131264933050000000" Dst="0" />
<file name="misc_functions.php" server="172.31.100.19:2231//var/www/html/academics/acadserver/academic_new/" local="131264930280000000" remote="131264930280000000" Dst="0" />
<file name="jquery2.3.1.js" server="172.31.100.19:2231//var/www/html/academics/acadserver/academic_new/" local="131261653770000000" remote="131261653770000000" Dst="0" />
<file name="jquery-2.1.4.min.js" server="172.31.100.19:2231//var/www/html/academics/acadserver/academic_new/" local="130914741420000000" remote="130914741420000000" Dst="0" />
<file name="lv-ripple.css" server="172.31.100.19:2231//var/www/html/academics/acadserver/academic_new/" local="131189620940000000" remote="131189620940000000" Dst="0" />
<file name="style.css" server="172.31.100.19:2231//var/www/html/academics/acadserver/academic_new/" local="131189620940000000" remote="131189620940000000" Dst="0" />
<file name="lv-ripple.jquery.js" server="172.31.100.19:2231//var/www/html/academics/acadserver/academic_new/" local="131189620940000000" remote="131189620940000000" Dst="0" />
<file name="app.js" server="172.31.100.19:2231//var/www/html/academics/acadserver/academic_new/" local="131189620940000000" remote="131189620940000000" Dst="0" />
</dwsync>